aid,cid,coin,ctime,danmaku,duration,favorite,id,like,mid,reply,share,title,video_num,view
48168985,84369668,2832,1554283490,3138,3275,1838,001556784440843b5c7167f117a496c9d5b9119443de5b6000,4174,349991143,459,145,〖神回/熟肉〗和Shiori姐姐一起玩恐怖游戏【神楽めあ×ユメノシオリ】,1,63382
48983762,85784776,2511,1554977200,1237,456,1164,0015567844408641a71f95074a04dcdad4e2bd3e4501a42000,3885,349991143,974,131,不想预告直播的Mea【一分钟带你看神楽めあ】,1,50770
49753743,87113287,2972,1555632021,1117,293,1307,001556784440867584dbaa4539f4db0b68ce4f26d1c5741000,4442,349991143,595,140,不想做奥术魔刃的Mea【一分钟带你看神楽めあ】,1,63464
43013039,80808030,5545,1549699206,3198,1361,2297,001556784440869180425c684fe44cc839b3f96afe95c05000,5186,349991143,579,276,MeAqua - 从零开始的Minecraft：第四话【Mea视角】,1,89545
41805253,73405123,3210,1548543642,490,136,906,0015567844408716ad89e29929544ed98727300b7eed906000,3298,349991143,492,136,谈论游戏的Mea【一分钟带你看神楽めあ】,1,69490
41687247,"73195611,73195717,73195765,73195874,73195921,73196011,73196091,73196190,73196382,73196485,73196586",4060,1548426868,1733,3517,2396,0015567844408724285035bdd4b46eb99821fa6ac18e84c000,3756,349991143,1067,567,〖神回/熟肉〗烦恼相谈：系列合集[2019.01.19],11,64731
49468512,86618441,2614,1555358816,1084,653,1350,00155678444087323989ae9b9bf4ea3813fea1a2ab439b5000,4247,349991143,632,193,Mea的爱情故事 Ep.3【一分钟带你看神楽めあ】,1,61908
44128136,77332780,4114,1550601781,3127,1166,2167,0015567844408748cbb1eab9f9242edbb304d7621c0305c000,4956,349991143,966,583,决胜！MeAqua俄罗斯方块【一分钟带你看神楽めあ】,1,92649
41088040,72169240,17455,1547841633,15023,5235,9666,001556784440874af3c228d50894858918eca8628901fd5000,13524,349991143,3111,1646,〖神回/熟肉〗真实的测试直播【bilibili限定】[2019.01.17],1,280507
41546607,72960417,2995,1548302990,1659,311,1138,0015567844408758659f0b7aa3d45cb98cc38f4509127ae000,3279,349991143,699,536,〖神回/熟肉〗烦恼相谈 P8：激励学生的Mea[2019.01.19],1,57268
49563991,86891791,4461,1555442978,3214,1604,2837,00155678444087633c26a5f086e4df794cd4b17299d14de000,5998,349991143,661,363,午夜Mea铃【深夜突击直播】,1,99149
47571908,83327440,2390,1553761360,2015,549,1447,00155678444087835500913294f4a7fab4b768f477e6ea8000,4013,349991143,929,225,Mea的爱情故事 Ep.2【一分钟带你看神楽めあ】,1,71684
49139988,86054439,19281,1555121329,1557,192,13607,0015567844408811c23ffc6909748adb118d63d43af4117000,15733,349991143,1227,1703,【神楽めあ】天之弱【PV付】,1,155184
43584602,76373692,3143,1550172501,1750,777,1508,00155678444088163c85c171d484a8c8b02c73de585945b000,4411,349991143,711,403,再次挑战恐怖游戏的Mea【一分钟带你看神楽めあ】,1,86048
45299252,79696348,3104,1551664828,1913,2268,1647,001556784440886c8b40f988d07420084632d428b61bcfa000,4235,349991143,575,311,【亲子联动】帕里Mea装修工队为您服务（Mea视角）,1,88622
50202405,87878882,3299,1556013644,1224,413,1588,00155678444088749770b72cec84a5aa0474e8753cf93bf000,4742,349991143,644,132,想奖励字幕组的Mea【一分钟带你看神楽めあ】,1,69880
46844850,82051583,2610,1553086052,359,234,1049,00155678444088789e2496ead944911ba4dd742f13ae2c7000,4009,349991143,348,120,思考直播内容的Mea【一分钟带你看神楽めあ】,1,73629
43231297,75791733,3002,1549881025,1351,324,1155,00155678444088905559e4b2c8a49d5b663d4a3c0ca1189000,3899,349991143,703,265,口哨大师Mea【一分钟带你看神楽めあ】,1,81761
50587630,88564891,5486,1556330457,5029,617,5728,0015567844408892ed18867feb14db2bc3ec0b592585113000,8380,349991143,2647,2114,【纳豆味慎入】直播中抓痒剪趾甲的Mea【一分钟带你看神楽めあ】,1,212407
42629381,74787381,5809,1549270316,2166,192,2097,00155678444089534ccc4ed8c4c4943b8d3348b2cba726d000,5865,349991143,1313,1152,Mea的春节祝福【一分钟带你看神楽めあ】,1,111781
42355571,74360460,5863,1549027266,1624,309,1639,001556784440895b04f265da242467081d6d883415d4184000,5218,349991143,708,281,用免费素材装点直播间的Mea【一分钟带你看神楽めあ】,1,86815
46547475,81542979,13315,1552822240,12142,5820,7943,001556784440895c2876bac58304dc989e2f95d214a32d5000,11273,349991143,1570,802,〖神回/熟肉〗今天不唱歌【bilibili限定/25万关注感谢】[2019.03.15],1,164930
42675177,74859261,4262,1549312454,3218,1772,2001,0015567844408964e3125232a7a4b9b889deda3bf5275bd000,4498,349991143,849,597,〖神回/剪辑熟肉〗【谋反】与织田信姬在现代进行枪战？！？！【长篠之战】【のぶめあ】[2018.08.31],1,72528
47539544,83302353,2904,1553723591,1334,331,1799,001556784440897476c97c889684110946c1c15b47d9bfe000,5001,349991143,634,171,总之道歉就对了的Mea【一分钟带你看神楽めあ】,1,93240
45189432,87056183,4068,1551592807,1556,1724,1685,001556784440897bb3609b3c6864582a04eae704677f3ca000,4278,349991143,544,120,MeAqua - 从零开始的Minecraft：第九话【Mea视角】,1,56846
50485637,88454032,2633,1556244023,2263,2572,1800,00155678444089839aeb6165321425d8fceddf7fdc09f95000,3963,349991143,460,112,【Live Repo】4.14 线下活动报告【神楽めあ】,1,44447
45724746,80100793,2689,1552085492,595,259,1063,00155678444090296fa50fdf0914a10a99d8bfc93ef6989000,4046,349991143,518,93,不忘初心的Mea【一分钟带你看神楽めあ】,1,78157
41239182,72556745,3555,1547990689,1219,307,1577,001556784440902d460ab933ab64672aac6b64e83a2743a000,3882,349991143,950,261,〖神回/熟肉〗烦恼相谈 P1：讨论中之人话题的Mea[2019.01.19],1,95878
42917402,75288063,4489,1549591250,1332,1016,1991,001556784440904294b8689aec64e95a97512bc208bfbea000,5025,349991143,1038,997,俄罗斯方块精彩集锦【一分钟带你看神楽めあ】,1,101105
44721451,87056021,4488,1551142849,1976,1726,1874,001556784440909da5e41cdf11b4281b7e49f135306b6f3000,4636,349991143,494,149,MeAqua - 从零开始的Minecraft：第八话【Mea视角】,1,65839
44596341,78064768,6819,1551008505,770,341,3551,001556784440916b9fbd3bd91ea4cb9af988348774b59fc000,6370,349991143,830,473,【神楽めあ】再见Midnight/さよならミッドナイト,1,80929
45087197,78957408,3086,1551493540,809,320,1310,001556784440917a40959c6ab89456eb23c47da6fdae664000,4198,349991143,608,100,联动中寡言少语的Mea【一分钟带你看神楽めあ】,1,83521
47537523,83261570,2653,1553717872,140,56,1724,001556784440917de290e25bdcd43edb9325c37af7bcf66000,4377,349991143,622,173,〖推特短视频〗好想和你说说话啊/話がしたいよ【翻唱/神楽めあ】,1,63996
47710531,83571105,3654,1553882193,1412,578,2250,00155678444091861c2bdbbbe8840ef8bea059522c79d7e000,5297,349991143,638,209,谈论Aqua饮食习惯的Mea【一分钟带你看神楽めあ】,1,97447
43780578,76703160,3544,1550322992,2464,425,1575,0015567844409206292cc68cec247a08d6df26d4a7ad03d000,4847,349991143,1519,286,弘扬正能量的Mea【一分钟带你看神楽めあ】,1,88599
49984069,87509473,4299,1555793477,3426,3721,2947,0015567844409216830d1614072480783243805f9dbcaea000,5443,349991143,595,212,【犬山玉姬x神乐Mea】bilibili限定直播上半场【唱歌联动】,1,76404
46684777,81802890,2961,1552922113,1092,914,1296,001556784440927beed4699f947474f8028e8c55833e8e9000,4177,349991143,491,233,终于对Tetris99出手的Mea【一分钟带你看神楽めあ】,1,68285
47445589,83136948,4974,1553619982,5504,789,3177,001556784440963f619b48a73bd4d69b69e04a588e8235b000,6361,349991143,1341,401,对无法交流感到恐惧的Mea【一分钟带你看神楽めあ】,1,96390
49188007,86136673,2853,1555148645,530,452,1386,0015567844409722355e730a6cf4a38aff0de771baac724000,4146,349991143,603,106,想做着喜欢的事迎接死亡的Mea【一分钟带你看神楽めあ】,1,47771
47943185,83974810,2650,1554080436,2424,458,1473,001556784440992392f78ff44df44d0bd89f980a8830738000,4594,349991143,923,259,被大叔臭所困扰的Mea【一分钟带你看神楽めあ】,1,86678
42499849,74574037,12968,1549173642,3707,1262,5926,001556784440992b5d5ffe44d664bc5b1b9c73765ed2db5000,9885,349991143,1311,1592,MeAqua - 从零开始的Minecraft：第一话【Ｍea视角】,1,178009
41293047,72524859,3665,1548050117,2397,446,1423,00155678444099711731481d03f4ce280b19f16f6185b0f000,3719,349991143,834,631,〖神回/熟肉〗烦恼相谈 P5：进行恋爱相谈的Mea[2019.01.19],1,70239
42025759,73781755,3689,1548740612,764,220,1102,001556784440998925be9e9c39a41d693dfa605a5747c84000,3841,349991143,585,127,虚拟主播在直播中数次离席为哪般【一分钟带你看神楽めあ】,1,95588
49249775,86244551,2975,1555207237,1396,613,1211,00155678444099991477c07d4404d49a189247d8ab7e3de000,4401,349991143,571,108,想租下东京巨蛋的Mea【一分钟带你看神楽めあ】,1,51699
48446146,84840709,3426,1554519247,3472,6601,2327,001556784441000cbbc64d2a0aa4edb873c527ef7a2e3e3000,5107,349991143,880,172,〖神回/熟肉〗Vtuber这行真是世道艰辛啊・・・【第二次直播】[2018.07.06],1,92858
51015304,89316151,4311,1556686302,3696,6952,3143,001556784441000f9284dcf8d14468082c0b054383dbf15000,5520,349991143,681,143,【神楽めあ】30万粉丝纪念直播！！！！！！！！！！！！【bilibili限定】,1,47902
42690617,74882574,7446,1549360814,2159,846,2947,0015567844410020af8c0892c7341a1b5c0b4372c4861a5000,6310,349991143,541,388,MeAqua - 从零开始的Minecraft：第二话【Ｍea视角】,1,101050
45629735,80917198,3730,1552024855,982,1074,1542,001556784441025f5356536c5c44dd5b5a10f543582a256000,4113,349991143,332,119,MeAqua - 从零开始的Minecraft：第十话【Mea视角】,1,49204
44250780,77490280,4579,1550736048,2208,1565,1967,001556784441045900a00b3c6974244a80cdc93f280921f000,4729,349991143,812,184,MeAqua - 从零开始的Minecraft：第七话【Mea视角】,1,71376
37794699,66607793,3355,1544395190,405,245,1726,001556784441111ea082445c122416392fd371b2ba8e7ee000,2626,349991143,682,304,【神楽めあ】残酷天使的行动纲领/残酷な天使のテーゼ,1,70010
40822765,71763900,4836,1547558858,1650,543,1994,0015567844411208e51bc7679334f77ace5789407d11fbd000,4208,349991143,897,525,Win98之歌与青椒肉丝【一分钟带你看神楽めあ】,1,106939
50465105,88344238,3091,1556207562,1980,3241,2132,001556784441120952106b39e284cd2b181e7b42f8ca937000,4829,349991143,484,327,【MeAqua】今天的PUBG、可别想睡好觉哦！！！【湊あくあ×神楽めあ】,1,59589
42421880,74444194,3104,1549088469,119,21,990,0015567844411268cb2fe59f1d0418590b01c1a62bfd766000,3492,349991143,527,267,「MeAqua - 从零开始的Minecraft」PV2,1,56691
48266958,84541464,3496,1554375814,1254,385,1924,001556784441130b713c921e3c24e70bc4617c11f0e83db000,5541,349991143,1192,233,想要改变过去形象的Mea【一分钟带你看神楽めあ】,1,111252
35689534,62601527,2524,1541849840,112,128,1063,00155678444114234989be567ce4036bf13d270eb7b8b11000,1746,349991143,267,221,你想要哪种闪光弹？【一分钟带你看神楽めあ】,1,53068
34239294,60085863,4942,1540082865,2743,1419,4119,0015567844411497c86909a1c194605abf0e8786b6a5192000,3935,349991143,519,379,#5 你可曾见过如此乖巧的MEA酱？没留录像的珍贵画面！,1,211267
38976237,68498963,2797,1545712510,398,60,1156,0015567844411694dc0e7c454c4490aab232389989d898e000,2641,349991143,548,256,圣诞快乐—o,1,47218
39314626,69161711,3237,1546076425,1708,219,1606,0015567844411706f421699bb46468e99090b6362f808a3000,2755,349991143,711,852,MEA的完美英语教室【一分钟带你看神楽めあ】,1,72050
32024193,56018924,1034,1537333941,38,6,580,0015567844411729a365f973ca248269105d7fbae27de80000,891,349991143,205,334,长 颈 鹿 叫 声 模 仿,1,51130
48929820,85688171,3049,1554914570,1909,717,1719,0015567844411867bb5c1f746d94842b57b15fad506ae13000,4480,349991143,673,202,Mea的性格诊断【一分钟带你看神楽めあ】,1,62660
28909161,50127292,3906,1533808850,3234,414,3683,001556784441186b0bbcee964164a63afab00f8ba38cc31000,3405,349991143,490,1504,MEA中国语本当上手！【一分钟带你看神楽めあ】,1,216465
31836433,55679162,1569,1537078635,288,99,1180,0015567844411901471df7d26634e19ba6c5318cbfa9f2f000,1314,349991143,219,193,试着唱了『Connect/コネクト(TV size)』【神楽めあ】,1,44034
41328828,72587871,3559,1548078471,2191,273,1435,001556784441194041ab0313bd14614a157b7b7f3862fb6000,3656,349991143,868,1141,〖神回/熟肉〗烦恼相谈 P4：协助观众理财的Mea[2019.01.19],1,75208
29530676,51346507,3012,1534426376,1907,1203,2103,00155678444119670f11ad85eaa4b069373d10e179f742b000,2221,349991143,342,792,#3 【神回】MEA对TheHOUSE2发起反击！结果——打翻茶水的放送事故！,1,78048
38517256,79895093,3949,1545207368,3281,1035,2002,001556784441211869bcd4af2dc43f9b83827b328f58b8b000,3317,349991143,858,317,收到结婚申请书的MEA【一分钟带你看神楽めあ】,1,132002
43395594,76060505,5406,1550044826,2522,1441,2317,001556784441213e68bd3fe285e46e788729e2daa0559b7000,5373,349991143,633,293,MeAqua - 从零开始的Minecraft：第五话【Mea视角】,1,89807
37789396,66432880,3819,1544358657,1326,2107,2020,001556784441215decf640a7c3d4733a0ef4862743d3ef1000,2576,349991143,805,191,〖神回/熟肉〗神乐Mea与Aqua酱+Aqua酱的哥哥二人组的PUBG-下篇[2018.11.09],1,54385
36489942,64069111,1902,1542880254,471,182,1262,0015567844412169ff2492306ab4dc7af5dcd0074a5f06e000,1889,349991143,288,390,玩LOL时带着妹妹一起大喊大叫的MEA【一分钟带你看神楽めあ】,1,125283
28652473,49616711,1012,1533538123,219,182,436,00155678444121965be1a62a91b4a57bcfbc23f23142a2e000,926,349991143,181,95,不要停下来啊（指BGM）【一分钟带你看神楽めあ】,1,55234
38055486,66899205,3056,1544781607,390,71,1482,001556784441238ef1acb1c7328423796cc19599bf906fb000,2747,349991143,671,305,理解了「AWSL」的MEA【一分钟带你看神楽めあ】,1,127144
28315061,48959814,2949,1533177990,502,341,2128,0015567844412536390bc1de30b4321b1670c111cce6cac000,2057,349991143,339,380,君の知らない物語 by神楽めあ,1,56062
37211550,65394192,2297,1543708601,809,899,906,001556784441284c3ace219d5dc4f76ae2e886796a76130000,1865,349991143,820,200,对未来感到担忧的MEA酱【一分钟带你看神楽めあ】,1,50823
37620532,66445658,4894,1544181618,2291,2448,3421,001556784441285d625731c3ba44fe885ecb1d8ac082b7d000,3330,349991143,896,356,〖神回/熟肉〗神乐Mea与Aqua酱+Aqua酱的哥哥二人组的PUBG-上篇[2018.11.09],1,97826
36217816,63695203,2483,1542519317,724,502,1678,00155678444128783e0d90c04f740d88e703b6b0f0dada5000,2255,349991143,497,319,输掉比赛哭出声的MEA【一分钟带你看神楽めあ】,1,116097
39534007,69453075,6839,1546252131,2455,187,4813,0015567844412879a7abff0e8584eed936da9cd0cbc2b5f000,6923,349991143,1168,2619,请给我钱【一分钟带你看神楽めあ】,1,333061
44422518,77778978,2812,1550908834,1447,258,1371,001556784441288899f415105f44ad9aa6846a4e80ff071000,4197,349991143,551,171,模仿韩国后辈的Mea【一分钟带你看神楽めあ】,1,103277
41738236,73285553,4458,1548482383,1527,334,1660,0015567844412911fd52bd77d5e4b0ea83fb1e6d1db281a000,4219,349991143,616,245,直播整理房间的杂鱼体力女仆【一分钟带你看神楽めあ】,1,95471
49935237,87427853,3799,1555763140,1270,365,1847,0015567844412912950633695fd457eaba9b46c093f5823000,5014,349991143,563,308,假唱歌手神乐Mea【一分钟带你看神楽めあ】,1,63755
46029710,80638521,3173,1552329656,1169,941,1326,001556784441293133beef3ae3e46e08f2759031a92fd96000,4187,349991143,852,228,一个人的APEX【一分钟带你看神楽めあ】,1,61757
43351298,76444719,16521,1549982206,2385,317,9765,001556784441296a8ef5eb4b173436e9ad159eb9f4c827d000,12691,349991143,1864,2183,【神楽めあ】黎明与萤火/夜明けと蛍【PV付】,1,167185
36905432,64828579,3029,1543356260,1873,1046,1404,001556784441297005a9f93731a4ef79380b069d4907751000,2338,349991143,651,337,不为五斗米折腰的MEA【一分钟带你看神楽めあ】,1,73471
40748194,71621039,3641,1547472588,1637,358,1130,00155678444129908aeb50002f34d889918e829702d313a000,3450,349991143,825,259,对生草的表达方式非常严格的Mea酱【一分钟带你看神楽めあ】,1,98967
43828939,81367577,5834,1550377552,2532,1342,2557,00155678444130687fc12c637434cbf8b20362fcb8c85eb000,5781,349991143,760,427,MeAqua - 从零开始的Minecraft：第六话【Mea视角】,1,91495
44422236,77778322,3054,1550883618,1541,978,1728,001556784441306e0496373427b4f91aca67b3f59f8942b000,4123,349991143,409,452,两位女仆的聊天流影之诗【一分钟带你看神楽めあ】,1,82262
41402389,72715004,8088,1548153985,5167,552,3984,001556784441309027635c0dce0440d88edda956235c46c000,6342,349991143,1663,2338,〖神回/熟肉〗烦恼相谈 P3：恶魔天使一体的Mea[2019.01.19],1,119262
44235995,77508472,4182,1550703420,2641,1379,2355,001556784441325a402600681054aedac2722698335e463000,4919,349991143,817,434,两位女仆的聊天流俄罗斯方块（上）【一分钟带你看神楽めあ】,1,92397
44388373,77872934,3300,1550840037,2817,1736,1898,001556784441335f01c3fdffebe4542af47c53a9957dab4000,4133,349991143,650,317,两位女仆的聊天流俄罗斯方块（下）【一分钟带你看神楽めあ】,1,82405
37503023,65937128,10611,1544028319,3464,862,7674,001556784441339c70b2a9486684266a060f109a78cd634000,7756,349991143,1552,1506,下播后更加清楚的MEA【一分钟带你看神楽めあ】,1,213566
44021495,77106525,4593,1550517629,4216,407,2578,001556784441339dea577b2e8de4583b80607725d11ecc2000,5936,349991143,1664,773,讨厌DD的病娇Mea【一分钟带你看神楽めあ】,1,114514
42753868,74984737,5566,1549387083,630,219,1053,001556784441355a8d2b75f981d45d5a317940b8ac20b64000,4900,349991143,416,87,「耳机推荐」玩指尖陀螺只让观众听个响的Mea【一分钟带你看神楽めあ】,1,79371
35873074,62956487,1956,1542103215,790,217,1405,0015567844413718492b561d73441b39476329447322b27000,1739,349991143,328,395,[耳机必备]Mea酱教你做不使用人头麦的AOMR【一分钟带你看神楽めあ】,1,56095
40399212,70966421,5193,1547119518,3427,1249,2449,001556784441380b99a5a02fac544e6ab74d13f63ac8df1000,4300,349991143,784,411,和Aqua一起逛CM的Mea【一分钟带你看神楽めあ】,1,105884
32913195,57602881,3227,1538472583,1178,344,2758,001556784441386be12b7a41660419ca4a7ae1972293034000,2789,349991143,496,427,【神楽めあ】唱了《名前のない怪物》附加高压气阀漏气模仿与爱丽丝模仿与暗黑饶舌,1,126263
47717798,83585680,7770,1553893065,2517,812,4753,001556784441402739a6e0694bd4e3188dc024549a8b615000,8149,349991143,1373,779,边唱歌边收拾行李的Mea【一分钟带你看神楽めあ】,1,141033
41807815,73450019,4329,1548561655,2053,387,1431,00155678444140383b365e5f88440369ad7f129916382b5000,4328,349991143,847,177,睡相很差的Mea【一分钟带你看神楽めあ】,1,111879
46448293,81382947,2431,1552735352,1857,286,1430,001556784441405dda9feb156c54714831fcc86c32cb0ab000,4553,349991143,1624,473,Mea的择偶标准【一分钟带你看神楽めあ】,1,107842
42859701,75161022,3534,1549518210,2272,425,1225,001556784441409baf8eb9dfc22409cba032d88671da571000,4516,349991143,2468,284,劝诫信者的Mea【一分钟带你看神楽めあ】,1,84903
46213017,81040430,3459,1552504506,1567,450,1792,001556784441411571224d872f24e0fa0fd1a8ef6313f69000,5387,349991143,900,188,早起后无精打采的Mea【一分钟带你看神楽めあ】,1,113547
47885842,86167015,10332,1554037258,5460,3321,6983,0015567844414125f413755a0084b3e82868c489d4b242a000,9500,349991143,924,1397,【MeAqua线下联动】Super Bunny Man欢乐游戏实况！【bilibili限定】,1,164689
50102791,87881174,4299,1555927235,2897,1158,2801,001556784441413b8dc2b8105f3494bb0652280fd0c245f000,5622,349991143,686,499,【音量注意】棉花糖与八分音符【6万订阅纪念直播】,1,90140
31511582,55089444,6647,1536635050,315,229,4906,00155678444141640427cc8f5124e769f21b39e591a6ee7000,4285,349991143,758,1440,「Hitchcock/ヒッチコック」by神楽めあ,1,74623
35388677,62041391,1235,1541472723,93,21,518,001556784441416ea195cbd3bc74046b0c7e0d8b32147ec000,1235,349991143,287,243,玩LOL时做出惊人操作的MEA【10秒带你看神楽めあ·一分钟带你看神楽めあ番外篇】,1,99362
46094221,80756464,3081,1552390010,865,169,1542,0015567844414180699f8fa0d4c4b3599616c07637957cf000,4511,349991143,526,187,自演营业妨碍的Mea【一分钟带你看神楽めあ】,1,91000
32314546,56536173,2658,1537704243,466,219,2971,001556784441421986c07e875964733af346d5e909108ea000,2717,349991143,431,325,【神楽めあ】ダダダダ天使!Dadadada天使！,1,94322
41582237,73020030,2970,1548328004,2458,370,1054,001556784441440deddaa65d7574969bf792a792c710861000,3044,349991143,864,385,〖神回/熟肉〗烦恼相谈 P⑨：一石二鸟的Mea[2019.01.19],1,56237
27205752,46893122,1822,1531979623,656,204,862,00155678444144141a5a24385ba45fa8bb5ed70e088751b000,1618,349991143,265,281,#1 虚拟YouTuber！神楽めあ登场！！Duang！,1,87491
32218931,56368590,1776,1537603836,238,105,1348,00155678444144760642815807e4f2596b4472f3dc8bf8e000,1803,349991143,342,464,天才麻将女仆神乐MEA【一分钟带你看神楽めあ】,1,199940
45929760,80508883,4256,1552228882,2348,1408,2043,001556784441452b6cc7a25a9af4358a7d33beff9a9f691000,5570,349991143,920,459,初见APEX！跳伞大师Mea的白给教学【一分钟带你看神楽めあ】,1,97232
31778847,55578569,1675,1537012829,410,274,993,001556784441463721eebe7783b4916a751bc5aa8e2332c000,1320,349991143,247,212,MeaMeasuki委员会!！要永远的喜欢Mea哦~如果不喜欢的话... ...「幸福安心委员会です」,1,29068
31173013,54458214,5037,1536180949,545,202,3610,001556784441470065a4096a45a4b6789dd7992c9677c53000,3531,349991143,498,542,♡01♡ 试着唱了『BEAST DANCE』【神楽めあ】,1,70344
27702699,"88274863,88272585,86611115,85593413,84828439,84900443,84902022,84904335,83890324,84909983,83497260,83164919,83041501,83040874,83040611,81052649,81046552,79260401,79259848,78916544,78688033,77701717,77731495,77866726,77337777,76545045,75405351,75276389,75026089,74094615,71260628,71259683,71257947,70835653,70650084,70540611,70294371,69980629,69975097,68823073,68819841,68499271,68106184,67874753,67593065,65022992,65024255,65024905,62554904,62197490,60383677,60383685,63608397,59742083,59742086,59742623,59743237,59743948,54964126,54595366,54412038,53859523,53094050,51868792,52256232,51868663,51224644,51227627,51226438,51224486,49445455,49445051,49445053,48796448,49616428,47787237,47785928,47783277,47782335,47780439,47780428",11873,1532515443,15948,528986,12260,001556784441479e56012b2f34647b188ffe4cc82acaddf000,8328,349991143,2119,1159,【直播录像】YouTube直播录像合集（更新至2019.4.24）,81,444339
29988529,52251559,809,1534900191,407,131,359,0015567844414801e7c8d632d6a487b9c2987e170cc5fd6000,809,349991143,207,74,惩罚游戏——谢罪发言,1,42843
27758633,47920721,1726,1532597709,511,205,933,0015567844414990d2eb646db6543faa1bd3db6da92d6e9000,1363,349991143,168,217,MEA的自我介绍曲！【一分钟带你看神楽めあ】,1,50536
27733928,47874576,913,1532537228,86,104,418,0015567844415098b757809a015431983a46acab5635368000,879,349991143,269,61,めあコウ纪念视频,1,42806
48663154,85217594,7202,1554673897,4842,5730,4491,001556784441513fd9c53753c6944738d84e34f1a4034c1000,7395,349991143,772,361,〖神回/熟肉〗B站限定突击歌回【神楽めあ】[2019.03.25],1,99498
35196953,61667645,1329,1541231774,226,132,578,001556784441515a571343f7f3f420a853c13d34a93587c000,1102,349991143,175,103,MEA酱教你唱不会被BAN的版权曲【一分钟带你看神楽めあ】,1,42190
41639503,73120066,3070,1548391632,1113,328,920,0015567844415182b2fc9a2bc8d40f2b88e5697649ee65b000,3085,349991143,501,168,〖神回/熟肉〗烦恼相谈 P10：单推导师Mea[2019.01.19],1,53616
35996418,63187418,4263,1542362407,1372,291,3766,001556784441524957e42093a63451694f95a3613e0673f000,3729,349991143,494,968,#6 收到生日祝福后愉快地打起了B-BOX的虚拟主播,1,139146
41368460,72655808,2793,1548126323,1194,231,1040,00155678444152556e8a341e0e943c0be6a2382a2b0f451000,2957,349991143,531,399,〖神回/熟肉〗烦恼相谈 P2：提供精神支柱的Mea[2019.01.19],1,60691
33699889,58993482,9942,1539402637,3720,231,8020,00155678444153539c369cc58f6458f8ab5f153ae686776000,8655,349991143,1324,4605,【神楽めあ】直击心灵的歌声——病名为爱(↑↓↑↓↑),1,241481
37402818,65739736,3513,1543911778,356,228,2163,001556784441536d8e57f99f1b347009c9ca3553deb706e000,2801,349991143,604,259,【神楽めあ】Charles/シャルル,1,68121
27204869,46890548,3512,1531980157,1280,167,3038,001556784441538f1e2724f2b40492dba13791feca5ee52000,3345,349991143,444,1759,MEA对你说特别的究极台词【一分钟带你看神楽めあ】,1,300831
35159373,61600480,2228,1541217341,273,177,1396,0015567844415392dbfb2f589bc42c8ba294cabbdbac7d5000,1714,349991143,312,205,【神楽めあ】《アスノヨゾラ哨戒班》—许下了愿望就去实现吧,1,39515
43121441,75606016,3138,1549783816,1460,300,1034,00155678444154983a247205fde40e0b738865086a6f717000,4003,349991143,737,197,竖笛大师Mea【一分钟带你看神楽めあ】,1,79194
31798225,55613072,5512,1537065028,4682,862,5937,001556784441554d23e4dadf54f4c8db52675688a1eb172000,4879,349991143,1043,2021,萌音虚拟主播在直播时打电话怼黑子，结果竟出人意料【一分钟带你看神楽めあ】,1,259507
39441943,71258135,5038,1546174694,3158,360,3416,0015567844415683aaa42cfcc894d68a9cadd4967aa1e87000,5598,349991143,1090,834,发现B站观众在舔显示器的MEA酱【一分钟带你看神楽めあ】,1,261989
27042042,46581700,5457,1531821646,1139,89,3819,001556784441574d705ff839bc347f58b0b8ca838c323b9000,6091,349991143,1093,735,#bilibili限定 你好！我是神楽めあ！是的！！,1,419664
47997028,84076915,3659,1554121232,1932,700,1968,0015567844415862fb6f0495923447a8df4c11e1d90d68a000,5303,349991143,987,211,努力弹钢琴的神乐Mea【一分钟带你看神楽めあ】,1,84523
34060425,59655429,9099,1539856857,1432,246,6580,00155678444160957c07ee36f754134b588c8cbec9113ab000,6162,349991143,836,1177,【神楽めあ】♡02♡ 试着唱了『爱言叶III』,1,129330
40172432,70553978,11353,1546863330,2193,269,6867,00155678444161324c06e1f4d8f4800896c6dc35094f647000,8986,349991143,1170,1254,【神楽めあ】妄想感伤代偿联盟/妄想感傷代償連盟,1,176260
47477999,83156809,3899,1553667514,1250,117,3490,001556784441622d9c481d162d244c7892b0f9de651d6d8000,6921,349991143,1067,372,得知自己被叫做咩咩的Mea【一分钟带你看神楽めあ】,1,202606
50741314,88837004,2237,1556448096,2907,3385,1726,00155678444162942bfaf6b6a514f4babf17b411ea70519000,3703,349991143,550,144,【MeAqua】麻将！！！！！！with 犬山玉姬【血压注意】,1,52529
41459286,72813391,2771,1548218163,1100,238,998,0015567844416525c6c555d0c68404bac44e7c474948741000,3032,349991143,568,300,〖神回/熟肉〗烦恼相谈 P6：教人整理房间的Mea[2019.01.19],1,56698
49543438,"87164892,86711104,86756362,87072290,87060648,87156900,87152513,87076092,87098905,87098048",3353,1555424090,1158,82528,2605,00155678444165668798a7f48b746d7a0e98fb522fddc75000,4127,349991143,436,148,【直播录像】神楽めあ唱歌回直播录像合集（更新至2019.4.16）,10,43203
39131759,68773134,9075,1545889539,4257,871,3121,0015567844416568c597c4644b44c229f440221f38dbe0d000,7028,349991143,2861,685,十万回播放大胜利【一分钟带你看神楽めあ】,1,155882
40058187,70353814,3935,1546753856,1133,529,1305,001556784441671b4f06ee9e5924a3589438c88436d480b000,3298,349991143,841,225,自尊心很强的MEA【一分钟带你看神楽めあ】,1,77010
45589748,79826128,2920,1551949517,1117,451,1386,001556784441672d563f59075034637a122f982b583a925000,3903,349991143,481,259,王牌杂鱼猎人神楽めあ【一分钟带你看神楽めあ】,1,75689
37845391,66532344,2386,1544418835,429,105,897,001556784441687f0b9bb6de99846f9be21508ac5fbfe8f000,2237,349991143,743,122,真当MEA不上B站？【一分钟带你看神楽めあ】,1,105842
41782033,73401728,5837,1548511269,6139,785,2268,001556784441690aefa078467eb45e795535a74a63e97ee000,5037,349991143,1158,597,利用Aqua营业的Mea【一分钟带你看神楽めあ】,1,96633
38361545,67429471,5052,1545025694,520,273,2616,001556784441692aeef724990ee4a5f930cb0199b1f9391000,3716,349991143,638,333,【神楽めあ】相遇天使/天使にふれたよ！,1,73303
38378723,67458201,1844,1545037752,292,192,647,001556784441694b4197ac419214dc49ddae0522435b86d000,1755,349991143,618,135,泰坦尼克号，超好看的！【一分钟带你看神楽めあ】,1,58603
38596902,67847070,4169,1545303058,604,252,1842,001556784441695dbcbd3a362644d10b663da727a7f1c99000,3279,349991143,588,324,【神楽めあ】若能绽放光芒/光るなら,1,70127
35762429,62744724,2860,1541930559,444,254,1777,001556784441696ebbdb13ce5b146dfa640daaa8a8e4fc7000,2122,349991143,335,238,【神楽めあ】依旧没有好好唱完的ロキ还随带模仿Mirai Akari打招呼,1,49606
43019161,75429559,2952,1549686551,1148,366,1157,001556784441717f5349b0a2701424f8fcb03855f97cd0a000,4089,349991143,937,146,开始节俭的Mea【一分钟带你看神楽めあ】,1,93217
42975506,75355638,3831,1549630048,2741,403,1787,00155678444172129e55fc033554f2f89113f2435ed8015000,4497,349991143,673,397,让帽子代播的Mea【一分钟带你看神楽めあ】,1,96358
34618596,60648461,6826,1540547136,3751,1985,5640,00155678444173484ed2fffcef94c78aee6e96b74894c4b000,4857,349991143,815,1668,两位女仆的聊天流PUBG【一分钟带你看神楽めあ】,1,150366
46280298,81354619,4949,1552573931,4033,1784,2762,0015567844417397b857a9d38a64904aa4a25c4b31e2e04000,5868,349991143,1164,531,MEAQUAPEX P0【Mea视角限定】,1,101529
31971463,55922591,2044,1537251622,458,279,1003,001556784441746452abfa7f162456e8ebb2f42f9c77cad000,1454,349991143,298,320,妮可妮！！！夏色えがおで1、2、Jump! by神楽めあ,1,48608
40298360,70775868,3508,1547028048,1034,298,1177,001556784441752840a9dcdc4f949c6be4123a728782a2c000,3196,349991143,613,200,很好应付的MEA酱【一分钟带你看神楽めあ】,1,84056
41161071,72294870,3936,1547910527,895,92,1640,0015567844417613549fd59164547c4a7694fe106948102000,4184,349991143,691,440,【神楽めあ】郡道美玲挑战（现场版）,1,77587
39855259,70009151,3660,1546596342,386,96,2081,001556784441773c42cce0826dc4c27b7941a21c6333e4a000,3484,349991143,696,441,品尝了蝙蝠妹的初吻的MEA【一分钟带你看神楽めあ】,1,145292
39642860,69632488,12473,1546346358,10464,6942,10233,0015567844417843b552d7d622f4988b6b2befaec32014f000,9664,349991143,1612,2207,〖神回/熟肉〗【初配信】清楚。不低俗。清楚的好孩子。[2018.07.04],1,271613
41489600,72862490,3292,1548258606,2273,342,1353,001556784441793f51e846f5cd34411ab98503b1811f55a000,3531,349991143,1329,719,〖神回/熟肉〗烦恼相谈 P7：与ガチ恋通话的Mea[2019.01.19],1,71253
27956371,48290429,1278,1532830099,530,455,805,0015567844418723493c203e19846ff98dfa2b90910ceb3000,1112,349991143,184,291,#2 MEA与TheHOUSE2的初次对决——放送事故！,1,53048
42838939,75125917,5329,1549503026,2529,709,2367,0015567844418981ab01fb4bb284c46bdaaf86ea1edaa44000,5268,349991143,774,446,孤独双星MeAqua【一分钟带你看神楽めあ】,1,89833
35544924,62323635,1945,1541757947,1821,872,1019,00155678444206181e6171ab0344ff5930f7e5a7fe7e257000,1459,349991143,404,697,法国女仆竟然用日语对韩国小哥说出那个词【一分钟带你看神楽めあ】,1,52226
38364038,67434531,2575,1545024379,857,525,1120,00155678444207471c7ff976e5942289f811f72cff44c1f000,2304,349991143,420,101,向沉迷大乱斗的Aqua表示关心的Mea【一分钟带你看神楽めあ】,1,79733
47168703,83300018,8683,1553393410,2395,1867,3561,0015567844420925a40858c77504bf3aa13e000299bda95000,7065,349991143,685,329,【完结】MeAqua - 从零开始的Minecraft：第十一话【Mea视角】,1,71812
42792793,75050335,5263,1549443206,2086,980,2195,0015567844422368dae4fc0d45041ce96372ecfa233aee5000,5095,349991143,598,280,MeAqua - 从零开始的Minecraft：第三话【Ｍea视角】,1,87341
40463348,71067995,4731,1547196409,1341,649,2252,00155678444223778d86c8959f9443b93c1b0d6058f8d9f000,3740,349991143,769,494,麻将！meaqua与佃灯泡「先行版」【一分钟带你看神楽めあ】,1,95865
34109212,59745572,1126,1539900694,1310,623,2269,00155678444235458cb1b46cef04bab9cfbc84e2ff32827000,2365,349991143,471,678,#8 10分钟带你彻底了解神乐MEA,1,167894
43683248,76543040,3048,1550241142,3943,385,1603,0015567844423690d80dc92d5054816b7d4f74838ec0863000,4484,349991143,1647,764,Mea的爱情故事 Ep.1【一分钟带你看神楽めあ】,1,95276
41449359,73134044,31924,1548241229,2703,195,23000,00155678444248431d19cbbbf7a46bd9f6d58e30f8f5569000,22353,349991143,3137,6103,♡03♡ 试着唱了『Flamingo』【神楽めあ】,1,426586
48831449,85532509,4027,1554821161,4042,1781,2985,001556784442638685e38aa48664a5bb16ce1e8b8eed675000,5823,349991143,921,316,【剪辑熟肉】神乐Mea的学生时代,1,103660
37118757,65228971,3497,1543619549,736,255,2227,001556784442650df447fa0d8304d4eb3a3eba98b0f8549000,2753,349991143,525,486,【神楽めあ】恋愛サーキュレーション/恋爱循环,1,65337
38974967,68496928,2574,1545731998,525,339,1226,0015567844427546ad74373291f481b85be5530e7fdbc77000,2271,349991143,749,224,【原创PV】在废都亚托列斯塔/廃都アトリエスタにて【神楽めあ× 卯月コウ】,1,40734
46970122,82266834,4757,1553223872,4915,3325,2577,0015567844430184de144427db94197aea80d34ce1c6d55000,5714,349991143,934,258,〖神回/熟肉〗恐怖游戏叫出声就下播【YouTube 5万订阅感谢】[2019.03.21],1,92320
31619526,55290449,4908,1536832550,1259,151,5267,0015567844431201eb76c3f223d4d6b8b68c75b3af1c8d5000,3983,349991143,814,4720,#4 角色崩坏！虚拟YouTuber直播玩LOL被打到狂暴,1,219325
38821460,68233990,3012,1545542228,770,202,1272,001556784443626b3d06d14e5aa40ec89a7263a2b97465a000,2743,349991143,604,241,也许是因为过于疲倦，便乘复读机的MEA【一分钟带你看神楽めあ】,1,73784
